dd_lat,dd_long,farm_name
49.65623,-126.42849,Williamson
49.65603,-126.45404,Atrevida
49.65923,-126.47587,Conception
49.6466,-126.43167,Gore